Area statistica;Flag Area Esclusa;Popolazione residente;Variazione popolazione ultimi 5 anni;Tasso incremento demografico medio;Perc residenti oltre 80 anni;% residenti oltre 65 anni che vive sola;% ricambio popolaz. italiana tra 20 e 64 anni;% ricambio popolaz. straniera tra 20 e 64 anni;% stranieri 0 - 19 anni;% minori in famiglie monogenitoriali sul totale minori;% laureati sul totale da 25-44 anni;% abitazioni non occupate;% anziani in alta fragilità sanitaria;% abitazioni occupate in affitto;Reddito pro capite mediano delle famiglie;% famiglio con reddito <13k;Indice potenziale fragilità demografica;Indice potenziale fragilità sociale;Indice potenziale fragilità economica;Indice complessivo fragilità;Gruppo;Anno;Cod Area Statistica;INTEGRAZIONE;SPAZINSUFF;BIL;BQE;zona di prossimità
Borgo Centro;0;7934;0.9;-3.3;9.4;31.2;7.2;5.2;31.8;11.3;22.9;;6.4;21.4;20355.0;26.4;100;103;98;101;4;2021;8;94.7;2.6;96.5;107.2;BORGO PANIGALE
Triumvirato-Pietra;0;5279;3.2;-1.9;9.7;28.3;7.5;4.1;23.9;13.8;27.5;;5.6;23.9;20902.0;26.4;99;101;98;99;4;2021;9;96.6;2.5;92.8;107.2;CASTELDEBOLE - PONTELUNGO
Caserme Rosse-Manifattura;0;2141;1.0;-13.9;10.1;26.7;5.6;4.5;29.3;14.5;26.9;;8.8;31.9;19141.0;29.4;108;102;107;106;1;2021;12;97.1;1.6;101.9;99.9;CORTICELLA - DOZZA
Via Ferrarese;0;11696;4.3;1.2;6.9;32.8;9.5;6.5;39.9;10.5;32.2;;5.8;31.0;19213.0;30.7;92;103;107;101;1;2021;15;94.3;2.8;108.3;101.0;BOLOGNINA
Ex Mercato Ortofrutticolo;0;1256;52.8;5.8;3.1;26.4;9.9;14.6;64.9;4.3;34.5;;6.5;12.8;20924.0;27.9;73;107;99;94;1;2021;16;94.4;1.4;140.6;112.9;BOLOGNINA
Piazza dell'Unita';0;10847;2.7;-5.4;7.9;35.1;9.3;4.1;33.6;16.4;35.9;;6.9;44.5;18046.0;35.7;98;105;117;107;1;2021;17;95.8;2.6;126.5;102.9;BOLOGNINA
San Savino;0;9326;-0.1;-5.7;11.3;27.8;5.7;3.8;27.7;12.5;25.6;;5.5;21.8;21403.0;23.5;104;100;96;100;4;2021;18;99.1;1.3;91.6;106.8;CORTICELLA - DOZZA
Croce Coperta;0;6123;0.4;-3.7;8.6;28.1;5.2;4.9;28.9;13.9;25.7;;4.7;26.1;21679.0;23.6;99;103;97;100;4;2021;20;102.9;2.3;92.0;108.0;CORTICELLA - DOZZA
Mulino del Gomito;0;686;11.7;-3.7;3.4;24.5;21.7;8.2;40.6;18.6;15.3;;2.1;64.2;15954.0;36.1;90;113;127;110;1;2021;21;92.1;4.7;157.5;119.2;CORTICELLA - DOZZA
La Dozza;0;1423;-2.4;-3.9;6.7;21.9;5.0;1.8;9.0;16.3;26.6;;2.6;9.5;25050.0;17.2;97;98;83;93;4;2021;22;98.9;2.3;73.1;112.3;CORTICELLA - DOZZA
Pescarola;0;4492;-2.6;-5.3;7.7;28.3;4.6;2.7;23.5;16.4;25.4;;4.6;36.8;19503.0;29.1;99;102;107;103;4;2021;26;100.5;0.9;113.4;109.3;BERTALIA - NOCE
Marconi-2;0;12452;2.3;-4.5;8.7;31.6;12.8;3.6;12.3;19.1;56.0;;5.5;31.2;23861.0;26.5;99;98;98;98;2;2021;29;99.8;0.7;99.3;99.1;MARCONI
Marconi-1;0;2344;2.8;-2.7;7.0;34.6;14.2;3.4;12.0;21.7;61.5;;3.9;28.8;23546.0;30.2;95;96;100;97;3;2021;30;99.5;0.4;103.0;77.0;MALPIGHI
Scalo Ravone;1;149;;;;;;;;;;;;;;;;;;;0;2021;32;;;;;SAFFI
Via Vittorio Veneto;0;5423;0.3;-5.5;9.1;33.6;13.7;3.5;19.7;18.2;44.2;;6.6;31.4;21828.0;26.0;101;101;100;101;2;2021;35;99.7;1.3;89.3;100.2;SAFFI
Agucchi;0;4379;-0.4;-2.7;7.9;30.4;8.9;4.3;26.8;15.1;26.3;;7.1;30.4;19929.0;27.0;97;102;103;101;1;2021;39;94.9;1.9;100.1;99.3;SANTA VIOLA
San Donnino;0;2937;-0.2;-8.2;13.9;30.0;6.1;3.5;15.1;12.1;30.8;;6.9;21.2;21057.0;23.9;110;100;97;102;4;2021;43;97.9;0.9;100.8;110.0;SAN DONATO VECCHIO
Scalo Merci San Donato;1;35;;;;;;;;;;;;;;;;;;;0;2021;46;;;;;SAN DONATO NUOVO
Via del Lavoro;0;8075;3.7;-3.3;9.2;32.4;8.7;4.5;28.9;14.4;37.2;;6.7;39.6;19110.0;33.2;99;103;112;104;1;2021;47;97.8;2.6;118.0;101.1;SAN DONATO VECCHIO
Michelino;0;4550;-2.0;-2.9;8.7;31.8;10.3;4.5;25.9;14.6;34.6;;6.7;28.2;19451.0;28.8;99;101;103;101;1;2021;48;97.2;1.9;99.6;98.5;SAN DONATO VECCHIO
Giardini Margherita;1;36;;;;;;;;;;;;;;;;;;;0;2021;55;;;;;MURRI
Irnerio-2;0;10207;1.6;-0.8;5.9;33.8;16.4;4.7;17.6;19.0;54.5;;4.6;33.5;21842.0;30.7;93;100;105;99;2;2021;61;99.1;1.3;118.2;95.7;IRNERIO
Cirenaica;0;9424;3.4;-3.7;8.1;37.4;11.1;3.3;22.2;18.0;45.5;;5.5;46.3;19938.0;30.7;98;102;113;104;2;2021;62;102.6;1.7;107.1;98.5;CIRENAICA - MASSARENTI - SCANDELLARA
Via Larga;0;2163;1.5;-2.0;6.7;24.8;4.7;4.1;2.7;18.0;31.2;;3.7;16.4;25530.0;17.9;95;103;85;95;4;2021;64;118.1;0.1;81.2;120.4;CIRENAICA - MASSARENTI - SCANDELLARA
Roveri;0;882;39.8;-2.1;6.8;18.2;4.1;35.6;23.5;14.8;28.3;;7.4;22.4;21046.0;28.1;87;112;101;101;4;2021;65;113.4;2.1;132.3;113.3;CROCE DEL BIACCO - ROVERI
Stradelli Guelfi;0;327;29.2;1.4;4.0;17.5;9.7;2.4;10.3;19.1;54.1;;3.6;8.9;22098.0;29.9;82;94;95;91;4;2021;70;98.4;0.0;95.4;112.4;CROCE DEL BIACCO - ROVERI
Stadio-Meloncello;0;3654;-0.2;-5.4;8.9;29.5;10.6;3.8;11.8;16.7;44.5;;5.5;25.5;22741.0;25.7;101;96;97;98;2;2021;71;99.4;1.0;97.2;85.8;SARAGOZZA - SAN LUCA
XXI Aprile;0;12854;-0.2;-5.7;9.8;34.1;9.8;2.8;15.8;18.0;47.1;;6.8;31.7;22148.0;26.1;102;98;101;100;2;2021;72;99.4;0.5;96.5;88.6;SARAGOZZA - SAN LUCA
San Giuseppe;0;6292;1.5;-5.4;9.7;30.0;8.3;2.4;5.2;18.5;56.2;;3.9;29.0;26269.0;21.2;101;91;92;94;5;2021;73;99.1;0.1;88.5;58.0;SARAGOZZA - SAN LUCA
Ravone;0;1219;3.0;-7.2;8.4;23.3;6.0;2.1;4.8;24.1;57.0;;5.8;17.5;25075.0;23.7;100;93;90;94;5;2021;74;101.2;0.2;92.4;58.6;SARAGOZZA - SAN LUCA
Via del Genio;1;16;;;;;;;;;;;;;;;;;;;0;2021;75;;;;;SARAGOZZA - SAN LUCA
Malpighi-1;0;1857;-0.8;-3.4;7.9;31.4;12.3;3.6;12.0;22.4;55.2;;3.7;36.8;23814.0;29.7;98;96;101;98;3;2021;78;100.5;0.1;105.8;74.5;MALPIGHI
Pontevecchio;0;5349;1.4;-2.6;7.6;33.0;11.0;5.6;31.6;12.3;36.0;;6.1;29.3;19281.0;29.8;96;102;106;101;1;2021;82;95.8;2.5;105.4;94.3;PONTEVECCHIO - MAZZINI
Cavedone;0;3119;1.5;-10.0;11.6;29.0;5.1;2.2;15.9;11.5;30.9;;5.8;25.1;20086.0;25.3;107;97;101;101;1;2021;84;95.9;0.9;102.4;90.2;PONTEVECCHIO - MAZZINI
Via Arno;0;7244;-1.1;-12.3;14.2;27.5;5.2;2.1;12.1;13.5;36.1;;6.9;18.4;23774.0;19.4;114;98;89;100;4;2021;85;102.7;0.5;80.8;103.9;PONTEVECCHIO - MAZZINI
Via Toscana;0;9791;0.9;-3.7;10.1;32.6;8.2;3.1;19.2;15.0;42.1;;5.9;21.6;21939.0;25.2;101;96;96;97;2;2021;88;101.3;0.6;92.7;59.3;VIA TOSCANA - S. RUFFILLO - MONTE DONATO
La Birra;0;1948;3.9;-7.0;9.0;28.7;7.9;5.1;26.4;14.0;21.7;;6.3;23.5;20416.0;26.2;101;101;99;100;4;2021;5;94.0;0.7;106.6;105.7;BIRRA - BARGELLINO - LAVINO
Lungo Reno;1;13;;;;;;;;;;;;;;;;;;;0;2021;6;;;;;BIRRA - BARGELLINO - LAVINO
Rigosa;0;1271;-0.1;-20.3;11.9;25.3;6.7;4.6;8.1;11.3;31.8;;8.9;18.3;19196.0;32.8;116;106;106;109;1;2021;10;107.7;4.3;122.3;101.7;BORGO PANIGALE
Casteldebole;0;5084;0.2;-6.6;10.3;26.6;4.5;2.7;16.3;16.5;26.9;;5.0;22.7;22216.0;21.4;103;101;93;99;4;2021;11;104.6;0.7;93.4;114.4;CASTELDEBOLE - PONTELUNGO
Laghetti del Rosario;0;491;7.4;0.4;6.7;19.3;8.6;2.1;18.4;19.2;34.3;;4.5;23.5;21468.0;26.4;92;100;100;97;4;2021;23;109.5;0.5;89.5;103.8;BERTALIA - NOCE
La Noce;0;1532;0.7;-1.6;5.4;25.9;5.6;3.1;21.4;10.3;24.3;;3.4;24.8;21497.0;24.8;93;98;96;96;4;2021;24;96.7;1.2;94.7;110.2;BERTALIA - NOCE
Prati di Caprara-Ospedale Maggiore;0;471;4.4;-1.3;7.2;28.4;10.4;5.0;4.6;18.2;26.9;;2.9;42.6;23281.0;23.3;94;100;105;100;4;2021;31;102.6;0.5;87.9;109.8;SAFFI
Cadriano-Calamosco;0;805;6.2;-0.3;5.1;22.7;6.1;4.0;33.3;12.4;33.2;;4.9;14.4;21752.0;25.6;90;104;94;97;4;2021;41;119.0;0.0;97.7;110.0;SAN DONATO NUOVO
Pilastro;0;6849;-1.3;-9.7;11.1;27.3;2.9;3.9;38.8;9.9;17.3;;7.3;44.0;18233.0;32.8;107;108;114;109;1;2021;44;97.1;2.7;132.2;119.0;SAN DONATO NUOVO
CAAB;0;424;6.0;6.3;3.3;29.5;7.3;14.8;56.2;14.9;22.2;;9.1;27.4;17568.0;36.9;84;117;113;106;1;2021;45;104.0;5.9;144.3;109.1;SAN DONATO NUOVO
Osservanza;0;4357;3.6;-4.8;7.9;27.4;8.5;2.4;4.4;17.0;63.0;;3.2;19.4;28889.0;22.7;98;89;87;91;5;2021;50;98.1;0.2;89.9;59.6;OSSERVANZA - PADERNO
San Michele in Bosco;0;3028;6.4;-0.9;6.2;25.4;14.8;2.4;3.9;22.3;48.1;;3.5;24.5;28953.0;26.9;92;94;96;94;3;2021;51;99.0;0.1;111.2;62.0;OSSERVANZA - PADERNO
Paderno;0;1694;0.6;-4.9;6.9;20.9;5.2;6.7;11.1;18.5;51.1;;2.1;15.4;26112.0;28.6;97;93;93;94;3;2021;52;104.4;0.0;108.1;68.2;OSSERVANZA - PADERNO
Mezzofanti;0;7522;2.0;-6.0;8.7;30.1;9.0;2.4;7.1;16.5;58.6;;4.3;27.1;27155.0;23.6;100;92;92;94;5;2021;56;98.4;0.3;89.8;79.7;MURRI
Chiesanuova;0;7372;0.6;-4.1;8.8;32.9;10.6;2.3;11.8;18.8;49.0;;6.2;22.9;22322.0;25.6;99;97;96;97;2;2021;59;100.8;0.3;95.6;78.9;MURRI
Irnerio-1;0;3718;5.7;-2.6;6.0;33.4;15.1;4.9;11.3;18.9;54.4;;3.9;36.7;22883.0;31.1;93;97;104;98;3;2021;60;97.3;0.6;119.8;74.2;IRNERIO
Scandellara;0;716;10.2;-2.6;8.0;38.8;10.1;1.6;7.8;12.8;33.1;;4.8;21.8;22241.0;19.8;95;103;93;98;1;2021;63;113.5;0.9;81.9;99.5;CIRENAICA - MASSARENTI - SCANDELLARA
Mengoli;0;10167;-0.6;-5.7;9.3;32.6;11.7;3.2;14.4;14.4;50.1;;6.2;23.4;22775.0;25.7;101;96;97;98;2;2021;67;99.4;0.5;93.2;83.8;CIRENAICA - MASSARENTI - SCANDELLARA
Croce del Biacco;0;4233;0.4;0.6;6.5;29.3;6.0;3.9;25.1;11.9;27.0;;6.4;38.5;19968.0;29.6;93;104;109;102;1;2021;69;97.7;2.7;103.1;117.7;CROCE DEL BIACCO - ROVERI
Fossolo;0;8761;0.4;-10.2;14.7;28.2;5.7;1.4;9.1;13.6;42.5;;5.8;17.2;25821.0;16.1;113;96;85;98;4;2021;79;103.1;0.1;74.0;103.7;FOSSOLO - DUE MADONNE
Bitone;0;10891;1.1;-4.1;10.6;33.8;8.8;4.0;24.4;14.3;34.8;;6.2;23.8;20624.0;25.7;102;100;98;100;1;2021;83;95.9;1.5;94.4;95.1;PONTEVECCHIO - MAZZINI
Monte Donato;0;1464;3.2;-3.7;7.9;26.7;6.9;3.5;6.0;13.2;45.8;;3.7;15.1;25200.0;22.5;97;91;87;92;5;2021;87;102.2;0.2;91.6;58.4;VIA TOSCANA - S. RUFFILLO - MONTE DONATO
Corelli;0;8771;-1.7;-7.4;11.7;29.7;5.0;2.4;23.2;18.0;33.0;;5.7;29.3;21679.0;25.1;106;99;99;101;4;2021;89;103.3;0.6;92.6;91.2;LUNGO SAVENA
Ponte Savena-La Bastia;0;1322;0.3;-16.4;13.5;22.9;6.8;2.8;19.3;14.0;33.9;;9.6;19.7;20336.0;23.7;115;99;98;103;4;2021;90;100.0;0.7;89.9;93.1;LUNGO SAVENA
Lavino di Mezzo;0;517;4.2;5.5;3.7;29.9;10.5;6.7;30.7;3.2;25.2;;3.9;27.1;19634.0;30.8;86;99;104;97;1;2021;1;91.0;2.5;92.3;99.4;BIRRA - BARGELLINO - LAVINO
Via del Vivaio;0;916;7.5;-0.2;4.4;25.7;6.9;5.1;14.2;11.2;15.8;;4.3;24.0;19856.0;26.6;89;107;103;101;4;2021;2;112.9;4.1;107.9;100.2;BIRRA - BARGELLINO - LAVINO
Bargellino;1;81;;;;;;;;;;;;;;;;;;;0;2021;3;;;;;BIRRA - BARGELLINO - LAVINO
Aeroporto;0;467;-5.8;9.1;2.1;22.1;11.4;3.1;17.1;33.3;20.0;;2.9;14.7;22401.0;24.4;85;108;94;97;4;2021;4;110.7;2.3;100.4;105.3;BIRRA - BARGELLINO - LAVINO
Ducati-Villaggio Ina;0;3079;-2.5;-12.7;13.9;31.4;5.3;2.9;20.0;15.3;25.9;;7.1;18.3;21731.0;19.3;114;100;91;102;4;2021;7;97.9;0.5;80.5;105.3;BORGO PANIGALE
CNR;1;73;;;;;;;;;;;;;;;;;;;0;2021;13;;;;;BEVERARA
Arcoveggio;0;10572;-0.7;-2.4;8.5;33.2;8.5;5.0;33.4;13.2;30.6;;7.3;27.4;19632.0;28.2;98;102;103;101;1;2021;14;94.0;2.2;100.7;99.2;BOLOGNINA
Savena Abbandonato;0;1005;10.3;1.3;3.7;25.5;8.5;7.8;20.9;11.7;25.2;;2.0;25.4;18749.0;33.0;87;102;108;99;4;2021;19;103.4;1.9;115.0;107.8;CORTICELLA - DOZZA
Tiro A Segno;0;152;-2.6;-5.2;5.3;26.1;9.1;5.2;4.5;21.1;30.3;;8.7;15.6;17977.0;36.8;96;112;110;107;1;2021;25;111.1;6.0;133.9;105.0;BERTALIA - NOCE
Lazzaretto;0;810;12.0;8.6;2.0;23.3;19.4;9.8;13.5;8.3;21.7;;2.3;32.1;23927.0;22.7;80;105;95;94;4;2021;27;117.9;0.9;94.2;109.2;BERTALIA - NOCE
Beverara;0;6920;-6.2;-7.2;10.8;32.0;5.8;2.6;25.5;15.4;29.4;;6.0;35.3;21306.0;25.9;106;102;103;103;4;2021;28;100.6;0.9;99.3;106.9;BEVERARA
Zanardi;0;6427;3.5;-3.5;8.5;38.5;12.4;3.4;22.6;20.3;41.0;;6.0;45.8;19714.0;30.1;98;103;112;104;2;2021;33;102.5;1.1;108.2;98.4;SAFFI
Velodromo;0;5881;-1.9;-4.0;10.4;34.5;10.2;3.4;20.7;13.2;37.5;;5.8;24.4;22490.0;21.3;102;99;94;99;1;2021;34;98.1;1.3;79.8;103.8;SAFFI
Villaggio della Barca;0;6008;3.6;-7.2;10.3;29.7;4.1;3.2;28.4;17.5;22.3;;9.3;37.7;17914.0;33.5;103;105;112;107;1;2021;36;97.1;1.7;123.2;101.4;BARCA
Battindarno;0;8762;-1.6;-8.4;11.9;29.3;5.9;3.3;21.6;15.1;27.0;;5.8;23.8;21779.0;21.9;107;101;95;101;4;2021;37;99.4;1.4;89.0;106.4;BARCA
Canale di Reno;0;6331;-0.7;-6.3;13.0;31.1;6.9;2.6;13.9;11.5;40.3;;5.0;18.7;22981.0;20.5;108;96;90;98;4;2021;38;101.4;0.7;81.1;94.0;BARCA
Emilia Ponente;0;9131;1.3;-2.5;7.9;30.4;9.4;3.2;18.7;16.0;33.4;;5.9;23.4;22219.0;22.6;97;99;94;97;1;2021;40;99.1;1.4;81.6;100.6;SANTA VIOLA
Fiera;1;21;;;;;;;;;;;;;;;;;;;0;2021;42;;;;;SAN DONATO VECCHIO
Via Mondo;0;7944;-1.6;-6.4;9.9;32.3;9.5;4.8;29.4;17.0;33.2;;7.5;31.5;18868.0;32.1;103;103;109;105;1;2021;49;94.9;2.3;115.7;98.5;SAN DONATO VECCHIO
Galvani-1;0;1840;1.7;-2.0;7.6;32.9;11.0;3.7;9.1;25.3;60.8;;2.8;34.8;27864.0;26.4;96;95;98;96;3;2021;53;100.5;0.3;95.2;74.3;GALVANI
Galvani-2;0;11260;1.0;-4.3;7.5;32.1;11.2;3.5;10.5;20.9;59.1;;4.2;35.3;23245.0;29.4;98;96;104;99;3;2021;54;99.8;0.5;111.2;74.1;GALVANI
Siepelunga;0;4502;2.5;-7.8;10.2;28.7;7.5;2.3;4.2;18.3;60.5;;4.0;18.1;28192.0;22.7;104;91;87;94;5;2021;57;100.1;0.1;87.1;62.6;MURRI
Dagnini;0;9560;0.8;-5.3;10.6;34.7;8.8;3.5;15.0;13.2;47.5;;6.7;25.0;22788.0;23.7;103;96;96;98;2;2021;58;99.2;0.8;86.0;84.2;MURRI
Ospedale Sant'Orsola;1;71;;;;;;;;;;;;;;;;;;;0;2021;66;;;;;CIRENAICA - MASSARENTI - SCANDELLARA
Guelfa;0;7074;2.0;-1.6;8.4;31.4;10.6;4.9;25.2;10.7;35.9;;6.8;22.9;20076.0;27.6;97;100;101;99;1;2021;68;96.5;1.8;101.7;93.9;CIRENAICA - MASSARENTI - SCANDELLARA
San Luca;0;636;0.6;-1.3;7.5;23.7;3.8;2.7;6.3;14.2;43.9;;3.1;11.5;29638.0;23.8;96;91;77;88;5;2021;76;105.0;0.0;89.7;68.5;SARAGOZZA - SAN LUCA
Malpighi-2;0;10059;-0.2;-4.2;7.3;32.6;12.8;3.4;13.0;17.7;53.5;;4.9;36.6;20815.0;31.8;98;98;108;101;2;2021;77;97.0;0.9;112.6;93.3;MALPIGHI
Due Madonne;0;2912;2.8;-8.0;10.5;27.7;5.7;2.4;15.9;15.0;34.3;;8.8;19.2;21838.0;23.3;104;99;94;99;4;2021;80;99.8;0.6;86.2;95.0;FOSSOLO - DUE MADONNE
Lungo Savena;1;143;;;;;;;;;;;;;;;;;;;0;2021;81;;;;;FOSSOLO - DUE MADONNE
Ospedale Bellaria;1;123;;;;;;;;;;;;;;;;;;;0;2021;86;;;;;LUNGO SAVENA
